C_ID,Name,Email,Phone,Address,City,Country
1,John Smith,john.smith@example.com,555-1234,123 Elm St.,New York,USA
2,Jane Doe,jane.doe@example.com,555-5678,456 Oak Ave.,Los Angeles,USA
3,Ahmed Khan,ahmed.khan@example.com,555-2468,789 Pine Rd.,Toronto,Canada
4,Maria Gonzalez,maria.g@example.com,555-3697,321 Cedar Blvd.,London,UK
5,Diane Sparks,diana07@yahoo.com,001-475-005-9373,"56872 Stephanie Street Suite 171
Johnsonton, MA 58151",South Richardberg,Paraguay
6,Monica Park,james90@hotmail.com,703.785.9956x5644,"2138 Kimberly Extensions
Smithhaven, MO 75061",Smithmouth,Kuwait
7,Joseph Hendricks,ramirezjohn@hotmail.com,(580)732-8370x4195,"53391 Travis Spurs Suite 361
Matthewstad, CA 45266",Masseyport,Nepal
8,April Watts,sotoleroy@hill.org,+1-121-196-2061x286,"50622 Michael Stravenue
West Michaelside, TX 52584",Lake Sherylhaven,Uganda
9,Olivia Collins,alice17@yahoo.com,+1-729-038-9251,"639 James Locks
North Stephanie, SC 06220",Samuelmouth,Andorra
10,John Ramirez,david94@yahoo.com,001-992-656-8831,"6469 Jackson Summit Suite 770
Gabrielview, CA 28344",West Kristin,Lebanon
11,Crystal Wright,ihicks@gmail.com,001-168-100-9420x0131,"564 Thomas Mills
Walkerfurt, WV 53487",West Michaelmouth,Kenya
12,Erika Smith,cartermichael@adams.net,749-244-5787,"961 Jeremy Cove Suite 109
Lake Kristinaburgh, MA 08413",Wendytown,Norfolk Island
13,Sonya Murphy,tbuchanan@horn-freeman.biz,433.542.0892,"535 Steven Pike Apt. 184
Frankfurt, FL 46017",Nicholschester,Armenia
14,Michael Young,ashley70@hotmail.com,3017196283,"64027 Smith Motorway
Port Nicole, SD 54404",East William,Suriname
15,Brian Bonilla,valerie48@yahoo.com,9254425867,"407 Eric Mission Suite 460
Ramosburgh, MS 84487",Carrieburgh,French Southern Territories
16,Nicole Bradley,briddle@barnes.com,472-482-8750x163,"80262 Simon Fall
Port Christopher, LA 01213",West Williamberg,Samoa
17,Kristen Adams,omiller@simon.net,(469)143-0406,"18164 Dodson Street Suite 209
Port Mariahtown, WA 58316",Davidburgh,Faroe Islands
18,Zoe Coffey,emily57@liu.com,578-554-4413x004,"7822 Jennifer Club Suite 925
Kathryntown, PA 66061",Jerryton,Gambia
19,Adam Fernandez,stacey05@lopez.biz,820.095.7413x71714,"35269 Arthur Squares Apt. 798
New Ronald, IN 63188",Cabrerashire,Timor-Leste
20,Erin Brown DVM,osmith@morales-shaw.com,001-008-764-3874x44705,"4289 Buchanan Pike
Alanmouth, KY 93852",South Brooke,Chile
21,Julie Chapman,brush@roberts-arnold.com,+1-887-647-8735,"67629 Werner Prairie
East Joseph, TN 34258",New Valerie,Suriname
22,Robin Clark,angelamacdonald@lara-russell.com,(726)008-4727,"2732 Payne Port
Justinland, NC 36417",Cooktown,Belarus
23,Thomas White,josephbrown@yahoo.com,(107)055-7684x131,"1190 Scott Rapids
Thompsonview, NH 04947",Crystalmouth,Samoa
24,Connie Williams,mirandaholland@jimenez.com,+1-693-439-9003x57063,"987 Robinson Causeway
Hernandezshire, MN 72098",New Tommy,Gibraltar
25,Jesse Eaton,jasonwarren@gmail.com,(151)470-7088x689,"57972 Anderson Harbor
Cordovastad, WA 68380",Josephfurt,Trinidad and Tobago
26,Bridget Barrett,craig34@hotmail.com,(729)860-9544x70558,"128 Laura Tunnel
Crawfordshire, CO 20859",Emilyhaven,Wallis and Futuna
27,Samuel Ortega,dannycollins@hotmail.com,001-412-467-3527x0234,"4279 Stevenson Ridge Suite 736
Jacobsonview, RI 90983",East Samantha,Mauritania
28,Dr. Lori Barnes PhD,danielsnyder@hotmail.com,435-380-7397,"8065 Ronald Gardens Suite 219
Lake Joseph, MO 49528",Ritabury,Tuvalu
29,Steven Riley,wperry@hotmail.com,243.867.3945x03947,"67952 Michael Village Apt. 428
East Kaylaton, AL 07032",South Christinetown,Tanzania
30,Robert Davis,kristen93@rangel-gibson.com,+1-683-188-6313x803,"2265 Jonathan Landing Suite 925
North Rebeccaland, ME 24928",Shieldsfort,Saint Kitts and Nevis
31,Erin Williams,ggonzales@gmail.com,001-219-105-7598x23316,"3391 Emily Lake Suite 309
West Jenniferside, DC 09347",Port Amyberg,Italy
32,Kathleen Gray,icarr@dawson.net,001-671-271-8898x245,"29691 Morales Valleys
Royport, UT 24588",Greenemouth,Dominican Republic
33,Christopher Ward,andrewrobinson@stokes-miller.com,(982)591-6211,"31571 Gabriel View
Jonesmouth, RI 34462",Stricklandfort,Azerbaijan
34,Thomas Cox,michaelmiller@yahoo.com,+1-111-661-1962,"83214 Mary Villages Suite 791
Devinberg, FL 28245",Lawrencehaven,Azerbaijan
35,Marcus Davis,austinsabrina@park.biz,001-374-683-7235x361,"26041 Porter Highway Apt. 739
Jeremyfurt, NV 95505",Lake Dennis,Lao People's Democratic Republic
36,Erica Mason,balltheresa@brown.net,+1-702-357-6270x041,"96877 Little Rue
Kellyshire, OK 71892",Keithfort,Turkey
37,Deanna Baird,annmacias@yahoo.com,+1-398-623-8875x3696,"2578 Carter Drive Apt. 618
Port Annahaven, MO 18151",South Melissatown,Guadeloupe
38,Kenneth Stewart,delgadosandra@gaines.com,3845518689,"9226 Sheppard Vista Apt. 424
North Brandibury, OK 39967",North Charles,Gibraltar
39,Donald Sullivan,michaelhenderson@peters-lopez.biz,407-299-4295x800,"06569 Winters Views Apt. 108
East Carlosbury, ME 06318",North Cynthia,Kyrgyz Republic
40,Lisa Adams,laurenbright@rodriguez-brown.com,367-953-8471,"7641 Cortez Locks
East Christopherton, MT 65440",Lake Casey,Zambia
41,Sheryl Patterson,hboyd@fox.com,001-508-625-3744x630,"9872 Mark Square
Port Megan, ND 63832",Goldenberg,Zambia
42,Erin Hernandez,ncooper@terry-allen.com,+1-408-102-8488x23364,"54993 James Forges Suite 473
East Savannah, LA 95739",East Michaelshire,Saint Martin
43,Joshua Griffith,weeksjoshua@hotmail.com,+1-512-298-5024x2194,"PSC 4525, Box 0587
APO AA 42900",Richardtown,Norfolk Island
44,Kimberly White,christopher17@gmail.com,161.900.7926x87459,"85114 Harris Overpass Suite 212
Sharpside, NY 94182",Smithstad,Western Sahara
45,Anthony Huynh,ncollier@yahoo.com,+1-687-246-9285,"8530 Acosta Wall Apt. 485
Aprilborough, ND 48547",Port Christophershire,Montenegro
46,Marvin Weber,parkspatrick@hill.net,001-908-811-7046,"622 Matthew Mountain
East Jeffrey, GA 24112",South Tracyshire,Cameroon
47,Sonya Gallagher,alextaylor@evans.com,+1-440-308-9014x4411,"96734 Alyssa Freeway
Murilloborough, SD 75407",Lisafurt,Ghana
48,Scott Delgado,dcunningham@hotmail.com,001-062-379-6627x726,"224 Joshua Square
West Stephanieview, SD 33149",South Nicholasville,Bosnia and Herzegovina
49,Charles Carlson,mjohnson@gmail.com,037.510.8784x197,"290 Woods Station Apt. 490
Amandastad, CT 64001",Port Timothychester,Somalia
50,Sherri Taylor,james75@williams.org,0614890154,"62802 Allen Crest Suite 132
West Davidland, TX 59404",Lake Michael,Cocos (Keeling) Islands
51,Renee Roman,brittany96@hotmail.com,+1-930-526-6887x60248,"7572 Cynthia Bypass
Deanfurt, NJ 00586",West Rodney,Falkland Islands (Malvinas)
52,Laura Burns,marypollard@yahoo.com,(417)405-6451x16520,"75768 Smith Ridge
Aaronside, AR 36453",New Sheilaberg,Timor-Leste
53,Karen Jenkins,pbenson@yahoo.com,001-545-759-8195,"719 Shawn Springs
Alanview, IA 29927",Pearsontown,Uruguay
54,Nathan Ortega,keith57@yahoo.com,793.796.6318x0737,"2885 Mason View
Weaverview, ND 63909",Port Coleview,Israel
55,Thomas Miller,akrause@gmail.com,395.287.0561,"4882 Lindsey Court Apt. 868
Derekberg, OK 73370",South Connor,Madagascar
56,Michelle Krueger,cmurphy@adams.biz,355.158.6758,"USCGC Hernandez
FPO AP 80441",Samanthashire,Syrian Arab Republic
57,Michael Reynolds,lweeks@gmail.com,040.248.4914x452,"82168 Francis Forest Apt. 514
Houstonfurt, PA 27840",Clarktown,Syrian Arab Republic
58,Edwin Peters,smithkyle@robinson-stokes.com,878-398-2563x9516,"2154 Martin Curve Suite 257
Hoffmantown, OK 05937",Anthonybury,Christmas Island
59,Robin Macdonald,michaelsanders@murphy.com,+1-134-840-9863x49277,"016 Clark Drive Apt. 615
Patrickport, NM 64952",Port James,United Arab Emirates
60,Toni Mckay,steven39@hotmail.com,1164868397,"79097 Ware Turnpike Apt. 967
Jillborough, LA 16928",Davistown,Germany
61,Brittney Huynh,alexandra37@wade-hernandez.org,+1-136-494-7694x0334,"03155 Jennifer Lakes
Bethanyview, SC 18215",Matthewbury,Cyprus
62,Christopher Williams,tmiller@sexton-jensen.org,790-925-1996x13843,"019 Zachary Underpass
Heathstad, KY 79453",New Scotttown,Philippines
63,Kathryn Johnson,barbarachristian@harris.com,001-020-051-8292,"8157 Jenkins Isle
New Davidport, MI 94956",Port Teresahaven,Ecuador
64,Joanne Baker,ulewis@mendez.com,+1-026-456-3473x18304,"USS Williams
FPO AE 38318",Kaitlinville,Luxembourg
65,Allen Lucas,hernandezchase@burch.com,978-475-2374x161,"764 Christine Ports Suite 175
West Antonio, TX 33704",North Nathan,Grenada
66,Arthur Williams,igreen@bernard.com,+1-273-147-8526x6629,"3788 Garner Village
Lake Phillip, LA 03017",Perezmouth,Belgium
67,Mrs. Denise Soto,samantha58@yahoo.com,(830)628-8013x05322,"7385 Angel Pine
East Andrewberg, SD 27447",New John,Western Sahara
68,Jacqueline Christian,mckenziejeffrey@gmail.com,5589179690,"8809 Jacqueline Ramp
East Jason, WY 50306",Port Victor,Belgium
69,Chase Estrada,nathanshepard@hotmail.com,2952093464,"417 Michael Brook Apt. 610
Stevensstad, WY 79829",Blackwellborough,Holy See (Vatican City State)
70,Sarah Mckay,joseph46@wright-greene.com,(610)564-2773x66471,"8752 Jason Ranch
Robertstad, AZ 00928",Keithbury,Philippines
71,Dr. Sharon Hale,williamlogan@hotmail.com,(213)559-7351,"58875 David Way Suite 663
Port Michelle, AL 59705",Richardtown,Liberia
72,Lisa Browning,julie44@price-garcia.com,001-954-095-6824x629,"306 Gomez Springs Suite 461
South Raymond, WV 94794",Erikatown,Niue
73,Lindsey Henry,shellywilliams@hotmail.com,001-140-655-4431x857,"Unit 7492 Box 2622
DPO AE 08114",East Christineside,American Samoa
74,Mary Smith,christinemoore@hotmail.com,(467)948-1777x73443,"5668 Lisa Course Suite 120
Port Darleneton, RI 66005",Harrismouth,Croatia
75,William Perry,melinda35@gmail.com,725-409-4470,"5334 Jeffrey Squares Suite 481
Donnaberg, OR 07440",New Nicholas,Sierra Leone
76,Joseph Baker,vbrown@gmail.com,150-682-1876x22632,"Unit 7711 Box 5210
DPO AP 54256",Lake Richardland,Mauritania
77,Christina Thomas,danielcarter@gmail.com,001-941-316-8888x39666,"1666 Lang Point
Kristinhaven, NJ 29363",Lake Michael,Nigeria
78,Melissa Rodriguez,hspears@smith.info,(882)311-1176,"PSC 1381, Box 4473
APO AA 31877",South Richard,Guam
79,Gary Santos,debracarter@gmail.com,+1-620-504-5534x202,"408 Allen Glens Apt. 169
New Nicholas, OK 70014",East Anne,Colombia
80,Laura Smith,amy33@hotmail.com,535.321.8673x544,"PSC 2594, Box 0974
APO AA 03131",West Christopherburgh,Rwanda
81,Wanda Allen,nicolewelch@howell.biz,102-111-6739x269,"5400 Le Cape
Lake Christinefort, CO 10411",Jeanetteland,Trinidad and Tobago
82,Anthony Kelly,kylewolfe@gmail.com,+1-512-115-2276,"05004 Castillo Pike
Sullivanton, TN 75857",Baileychester,Saint Vincent and the Grenadines
83,Robert Harper,keith04@schneider-crane.org,213.255.0388x1318,"0355 Carpenter Lake
Singletonberg, NH 17494",Lindsayberg,Solomon Islands
84,Leah Gonzalez,paulanderson@barrett-richardson.com,001-948-560-9684x6837,"549 Jennifer Cove
Lake Justinborough, IA 63721",West Sydneystad,El Salvador
85,Kristen Snyder,laura47@carson-marquez.com,(085)529-2861x88178,"16587 Heather Islands Apt. 793
Port Denisechester, CO 33870",North Steven,Panama
86,Miguel Manning,franklinjulie@cole.net,001-679-862-7772x05481,"21419 Craig Island Apt. 142
South Josephborough, WI 61101",Muellerborough,Korea
87,Jasmine Butler,todd47@lynn.com,1426300749,"665 Cline Squares Apt. 531
Bakerland, NY 02818",North Williamstad,Georgia
88,Nicole Hernandez,matthewmassey@ellis-hernandez.com,528.456.4099,"1606 Sparks Ranch
Abigailton, IN 79116",West Brooke,Gibraltar
89,Cindy Manning,heidijones@yahoo.com,001-713-775-8062x987,"7458 Thomas Mountain
North Erin, WV 01802",Lake Robert,Kyrgyz Republic
90,Jacob Farrell,owells@alvarez.com,999-189-2047x43742,"01509 Woodard Street Apt. 776
East Calvin, ND 17306",Lake Kathleen,Slovenia
91,Peggy Stewart,peterstina@rhodes.info,(889)557-8516,"027 Valerie Plaza Suite 342
North Kelsey, TX 26718",South Ericfort,American Samoa
92,Gina Chase,dustinmadden@hotmail.com,(729)069-6356x190,"81968 Jason Islands
Lake Anthony, IA 41764",South Helen,Solomon Islands
93,William Donovan,randymurphy@jennings-pearson.info,+1-969-163-3054x9221,"307 Jessica Manor Suite 924
Brooksville, AZ 35538",South Carolynborough,Saudi Arabia
94,Elizabeth Mccormick,xsmith@taylor-brown.com,001-593-532-7525x62620,"51458 James Pines
Micheleport, MO 55850",Valenzuelafort,Saint Vincent and the Grenadines
95,Amanda Pena,wayne91@gmail.com,+1-273-881-5333,"925 Chad Rapid
North Tonymouth, NC 05256",East John,Grenada
96,Jessica Rice,tasha94@hotmail.com,111.976.1651x59729,"17457 Small Drives
East Edward, NC 57155",New Stephen,Montenegro
97,Jennifer Holt,fhansen@park.info,+1-117-397-0822x2476,"0614 Charlene Fields Apt. 468
Lake Mary, WV 47458",Gatesshire,Somalia
98,Katherine Brown,rbentley@gmail.com,001-948-036-5710x45913,"36069 Marissa Ferry
Ortizchester, LA 02828",Torrestown,Norfolk Island
99,Kelly Greene,steelematthew@gmail.com,957-277-0592x0219,"15740 Erik Green Suite 321
Hernandezfort, IN 30855",Garciamouth,Seychelles
100,Erin Goodwin,wilsonjohn@hotmail.com,717-258-1918x0837,"775 Burns Drive
Lewismouth, SD 96115",Baileyview,Samoa
